Modelo,Accuracy,Precision,Recall,PR-AUC
Modelo Base (FICO),0.72,0.26,0.24,
Gradient Boosting,0.79995,0.0,0.0,0.22221432751700618
SVM (RBF),0.22045,0.19957493131512105,0.9625,0.21354564095048406
Red Neuronal (MLP),0.8,0.0,0.0,0.21906348917951726
