Modelo,Accuracy,Precision,Recall,PR-AUC
Modelo Base (FICO),0.72,0.26,0.24,
Gradient Boosting,0.79995,0.42857142857142855,0.00075,0.21944290353876528
SVM (RBF),0.2,0.2,1.0,0.19307427333281518
Red Neuronal (MLP),0.8,0.0,0.0,0.2185607982609552
